web_scraper_order,web_scraper_start_url,data,data2,data3,data4,data5,data6,data7,price,price2,data8,data9,data10,data11,data12,data13,price3,price4,data14,data15,data16,data17,data18,price5,data19,data20,data21,data22,price6,data23,price7,data24,data25,data26,data27,data28,data29,data30,data31,data32,data33,data34,price8,price9,image,image2
"1780486405-1","https://www.amazon.ae/s?k=kashmiri+pashmina+shawl","Yemberzal","Aari Embroidery Pashmini shawl with Oversized for 200""x70"" High in quality with light weight 310GM","","","","","","49.","","FREE delivery Tomorrow, 4 Jun on your first order","Tomorrow, 4 Jun","","","","","00","","","","AED 49.00","","","","Add to cart","","","","AED","","","","","","","","","","Price, product page","","","",".","","https://m.media-amazon.com/images/I/61rZQg0RPoL._AC_UL960_FMwebp_QL65_.jpg",""
"1780486405-2","https://www.amazon.ae/s?k=kashmiri+pashmina+shawl","Yemberzal","Traditional Kashmiri Badaam Embroidery Style Shawl oversized with measuring 200""x70"" and light weight 300GMS.","","","(1)","","","44.","","FREE delivery Tomorrow, 4 Jun on your first order","Tomorrow, 4 Jun","","","5.0","","00","","","","AED 44.00","","","","Add to cart","","","","AED","","","","5.0 out of 5 stars","","","","","","Price, product page","","","",".","","https://m.media-amazon.com/images/I/71Cb4Dcg-RL._AC_UL960_FMwebp_QL65_.jpg",""
"1780486405-3","https://www.amazon.ae/s?k=kashmiri+pashmina+shawl","Achillea","womens Bp-025 Pashmina Shawl","","","(8.5K)","+39","","98.","","FREE delivery Tomorrow, 4 Jun on your first order","Tomorrow, 4 Jun","","","4.7","","40","","","","AED 98.40","","","","Add to cart","","","","AED","","","","4.7 out of 5 stars","","","","","","Price, product page","","","",".","","https://m.media-amazon.com/images/I/81ayP4fXEDL._AC_UL960_FMwebp_QL65_.jpg",""
"1780486405-4","https://www.amazon.ae/s?k=kashmiri+pashmina+shawl","Pashmoda","Women's Kashmiri Mughal Shawl - Jacquard Evening Wrap | Scarf Pashmina Gifts for Women","","","(707)","","","88.","","FREE delivery 15 - 17 Jun","15 - 17 Jun","","","4.3","","52","","","","AED 88.52","","Ships from outside UAE","","Add to cart","","","","AED","","","","4.3 out of 5 stars","","","","","","Price, product page","","","",".","","https://m.media-amazon.com/images/I/713NxmIqWAL._AC_UL960_FMwebp_QL65_.jpg",""
"1780486405-5","https://www.amazon.ae/s?k=kashmiri+pashmina+shawl","Pashmoda","Women's Kashmiri Mughal Shawl - Jacquard Evening Wrap | Scarf Pashmina Gifts for Women","","","(707)","","","126.","","FREE delivery 10 - 12 Jun","10 - 12 Jun","","","4.3","","75","","","","AED 126.75","","Ships from outside UAE","","Add to cart","","","","AED","","","","4.3 out of 5 stars","","","","","","Price, product page","","","",".","","https://m.media-amazon.com/images/I/71Y1bGCCpML._AC_UL960_FMwebp_QL65_.jpg",""
"1780486405-6","https://www.amazon.ae/s?k=kashmiri+pashmina+shawl","Pashtush","Women's Kashmiri Embroidery Shawl, Jacquard Palla, Warm Ande Soft, Wool Design With Aari Needlework","","","(1.1K)","","","111.","","FREE delivery 10 - 12 Jun","10 - 12 Jun","","","4.0","","00","","","","AED 111.00","","","","Add to cart","","","","AED","","","","4.0 out of 5 stars","","","","","","Price, product page","","","",".","","https://m.media-amazon.com/images/I/81w7XW+mtVL._AC_UL960_FMwebp_QL65_.jpg",""
"1780486405-7","https://www.amazon.ae/s?k=kashmiri+pashmina+shawl","KASTWAVE","Soft Silky Reversible Paisley Pashmina Shawl Wrap Scarf w/Fringes","","","(12)","","","59.","","FREE delivery Tomorrow, 4 Jun on your first order","Tomorrow, 4 Jun","","AED66.66","4.2","","84","","List: AED 66.66","","AED 59.84","","","","Add to cart","List:","","","AED","AED 66.66","","","4.2 out of 5 stars","Limited time deal","","","","","Price, product page","","","",".","","https://m.media-amazon.com/images/I/8147VbF6bRL._AC_UL960_FMwebp_QL65_.jpg",""
"1780486405-8","https://www.amazon.ae/s?k=kashmiri+pashmina+shawl","Weavers Villa","Women's Pashmina Wool Blend Indian Handicraft Woven Shawls, Scarf, Wraps [Large Size: 40"" X 80""]","","","(942)","+12","","80.","","FREE delivery Tomorrow, 4 Jun on your first order","Tomorrow, 4 Jun","","","4.6","","00","","","","AED 80.00","","","","Add to cart","","","","AED","","","","4.6 out of 5 stars","","","","","","Price, product page","","","",".","","https://m.media-amazon.com/images/I/71YSmxQ4waL._AC_UL960_FMwebp_QL65_.jpg",""
"1780486405-9","https://www.amazon.ae/s?k=kashmiri+pashmina+shawl","Weavers Villa","womens Kani Shawl Pashmina Shawl","","","(90)","+4 other colors/patterns","","80.","","FREE delivery Tomorrow, 4 Jun on your first order","Tomorrow, 4 Jun","","","4.3","","00","","","","AED 80.00","","","","Add to cart","","","","AED","","","","4.3 out of 5 stars","","","","","","Price, product page","","","",".","","https://m.media-amazon.com/images/I/71gvVzeOAGL._AC_UL960_FMwebp_QL65_.jpg",""
"1780486405-10","https://www.amazon.ae/s?k=kashmiri+pashmina+shawl","Achillea","womens A-001 Classic","","","(11K)","+36","","86.","","FREE delivery Tomorrow, 4 Jun on your first order","Tomorrow, 4 Jun","","","4.6","","57","","","","AED 86.57","","#1 Top Rated","","Add to cart","","","","AED","","","","4.6 out of 5 stars","","","","","","Price, product page","","","",".","","https://m.media-amazon.com/images/I/81Umfsip+bL._AC_UL960_FMwebp_QL65_.jpg",""
"1780486405-11","https://www.amazon.ae/s?k=kashmiri+pashmina+shawl","The Kashmir Emporium","Lightweight Thick Soft Pashmina Scarfs, Cashmere Shawls and Wraps for Women's","","","(18)","+6 other colors/patterns","","64.","","FREE delivery Tomorrow, 4 Jun on your first order","Tomorrow, 4 Jun","","","4.2","","00","","","","AED 64.00","","","","Add to cart","","","","AED","","","","4.2 out of 5 stars","","","","","","Price, product page","","","",".","","https://m.media-amazon.com/images/I/41xmPJKJrJL._AC_UL960_FMwebp_QL65_.jpg",""
"1780486405-12","https://www.amazon.ae/s?k=kashmiri+pashmina+shawl","Pashmoda","Men Jamawar Shawl, Authentic Kashmiri Luxury Pashmina Style Shawl, Stole, Medium Size for Gents, (Size 101X203 CM)","","","(576)","","","133.","","FREE delivery Wed, 17 Jun","Wed, 17 Jun","","","4.4","","00","","","","AED 133.00","","Ships from outside UAE","","Add to cart","","","","AED","","","","4.4 out of 5 stars","","","","","","Price, product page","","","",".","","https://m.media-amazon.com/images/I/61QYG897lfL._AC_UL960_FMwebp_QL65_.jpg",""
"1780486405-13","https://www.amazon.ae/s?k=kashmiri+pashmina+shawl","Weavers Villa","Women's Faux Pashmina Silk Paisley Design Shawls, Stoles","","","(1.3K)","+4","","80.","","FREE delivery Tomorrow, 4 Jun on your first order","Tomorrow, 4 Jun","","","4.2","","00","","","","AED 80.00","","","","Add to cart","","","","AED","","","","4.2 out of 5 stars","","","","","","Price, product page","","","",".","","https://m.media-amazon.com/images/I/81GSSizO1-L._AC_UL960_FMwebp_QL65_.jpg",""
"1780486405-14","https://www.amazon.ae/s?k=kashmiri+pashmina+shawl","Weavers Villa","Women's Faux Pashmina Silk Paisley Design Shawls, Stoles","","","(1.3K)","+4","","80.","","FREE delivery Tomorrow, 4 Jun on your first order","Tomorrow, 4 Jun","","","4.2","","00","","","","AED 80.00","","","","Add to cart","","","","AED","","","","4.2 out of 5 stars","","","","","","Price, product page","","","",".","","https://m.media-amazon.com/images/I/71Ck+2SJ5TL._AC_UL960_FMwebp_QL65_.jpg",""
"1780486405-15","https://www.amazon.ae/s?k=kashmiri+pashmina+shawl","Pashmoda","Women Gulabkali Kashmiri Aari Embroidery Stole, Shawl, & Wrap, Luxury Pashmina Evening Wrap (Size: 28X80 Inches)","","","(140)","","","105.","","FREE delivery 10 - 12 Jun","10 - 12 Jun","","","4.3","","86","","","","AED 105.86","","Ships from outside UAE","","Add to cart","","","","AED","","","","4.3 out of 5 stars","","","","","","Price, product page","","","",".","","https://m.media-amazon.com/images/I/611YQcrVOXL._AC_UL960_FMwebp_QL65_.jpg",""
"1780486405-16","https://www.amazon.ae/s?k=kashmiri+pashmina+shawl","KASTWAVE","Pashmina Scarf for Women, Silky Shawl Wrap for Evening Dress, Soft Blanket Poncho Cape","","","(10)","","","56.","","FREE delivery Tomorrow, 4 Jun on your first order","Tomorrow, 4 Jun","","AED69.90","5.0","","48","","List: AED 69.90","","AED 56.48","","","","Add to cart","List:","","","AED","AED 69.90","","","5.0 out of 5 stars","Limited time deal","","","","","Price, product page","","","",".","","https://m.media-amazon.com/images/I/81gpD2tm6gL._AC_UL960_FMwebp_QL65_.jpg",""
"1780486405-17","https://www.amazon.ae/s?k=kashmiri+pashmina+shawl","Pashmoda","Women's Kashmiri Mughal Shawl, Jacquard Shawl| Evening Wraps for Women | Women Shawl Wrap Scarf Pashmina Gifts","","","(453)","","","111.","","FREE delivery 15 - 17 Jun","15 - 17 Jun","","","4.1","","00","","","","AED 111.00","","Ships from outside UAE","","Add to cart","","","","AED","","","","4.1 out of 5 stars","","","","","","Price, product page","","","",".","","https://m.media-amazon.com/images/I/71Tju8pb7oL._AC_UL960_FMwebp_QL65_.jpg",""
"1780486405-18","https://www.amazon.ae/s?k=kashmiri+pashmina+shawl","Pashtush","Women's Kashmiri Shawl, Faux Pashmina Design","","","(138)","+8 other colors/patterns","","106.","","FREE delivery 10 - 12 Jun","10 - 12 Jun","","","4.2","","00","","","","AED 106.00","","","","Add to cart","","","","AED","","","","4.2 out of 5 stars","","","","","","Price, product page","","","",".","","https://m.media-amazon.com/images/I/71dxoLY8IEL._AC_UL960_FMwebp_QL65_.jpg",""
"1780486405-19","https://www.amazon.ae/s?k=kashmiri+pashmina+shawl","Pashmoda","Women's Faux Pashmina Wool Jamawar Shawl, Luxury Kashmiri Pashmina Shawls, Stoles and Wraps (Size: 40X80 Inches)","","","(5)","","","124.","","FREE delivery Fri, 5 Jun","Fri, 5 Jun","","","3.8","","99","","","","AED 124.99","","","","Add to cart","","","","AED","","","","3.8 out of 5 stars","","","","","","Price, product page","","","",".","","https://m.media-amazon.com/images/I/81fiNyvh+KL._AC_UL960_FMwebp_QL65_.jpg",""
"1780486405-20","https://www.amazon.ae/s?k=kashmiri+pashmina+shawl","Lamca","Women Pashmina Shawls and Wraps Scarf Soft Silky Reversible Paisley Scarves Shawl for Women","","","(323)","+29 other colors/patterns","","35.","","FREE delivery Tomorrow, 4 Jun on your first order","Tomorrow, 4 Jun","","AED59.99","4.6","","99","","List: AED 59.99","","AED 35.99","","","","Add to cart","List:","","","AED","AED 59.99","","Best Seller","4.6 out of 5 stars","","","","","","Price, product page","","in Women's Pashminas","",".","","https://m.media-amazon.com/images/I/81DlR+YCD+L._AC_UL960_FMwebp_QL65_.jpg",""
"1780486405-21","https://www.amazon.ae/s?k=kashmiri+pashmina+shawl","","","Pashmoda","Women's Faux Pashmina Wool Jamawar Shawl, Luxury Kashmiri Pashmina Shawls, Stoles and Wraps (Size: 40X80 Inches)","","","(5)","","124.","","","FREE delivery Fri, 5 Jun","","","3.8","","99","","","","AED 124.99","","Only 1 left in stock - order soon.","","","Add to cart","Fri, 5 Jun","","","AED","","","","3.8 out of 5 stars","Sponsored","Let us know","You’re seeing this ad based on the product’s relevance to your search query.","","Price, product page","","Sponsored","",".","","https://m.media-amazon.com/images/I/81fiNyvh+KL._AC_UL960_FMwebp_QL65_.jpg"
"1780486405-22","https://www.amazon.ae/s?k=kashmiri+pashmina+shawl","","","The Kashmir Emporium","Lightweight Thick Soft Pashmina Scarfs, Cashmere Shawls and Wraps for Women's","","","(18)","","39.","","","AED 10 delivery Fri, 5 Jun","","","4.2","","00","","+6 other colors/patterns","","AED 39.00","","","","","Add to cart","Fri, 5 Jun","","","AED","","","","4.2 out of 5 stars","Sponsored","Let us know","You’re seeing this ad based on the product’s relevance to your search query.","","Price, product page","","Sponsored","",".","","https://m.media-amazon.com/images/I/51rHinZzkvL._AC_UL960_FMwebp_QL65_.jpg"
"1780486405-23","https://www.amazon.ae/s?k=kashmiri+pashmina+shawl","","","Pashtush","WOMEN'S KASHMIRI SHAWL, WARM AND SOFT, FAUX PASHMINA DESIGN, TAUPE, Beige, 100x200","","","(2)","","154.","","","FREE delivery Fri, 5 Jun","","","4.6","","45","","","","AED 154.45","","Only 2 left in stock - order soon.","","","Add to cart","Fri, 5 Jun","","","AED","","","","4.6 out of 5 stars","Sponsored","Let us know","You’re seeing this ad based on the product’s relevance to your search query.","","Price, product page","","Sponsored","",".","","https://m.media-amazon.com/images/I/713dfrJwDjS._AC_UL960_FMwebp_QL65_.jpg"
"1780486405-24","https://www.amazon.ae/s?k=kashmiri+pashmina+shawl","","","Mintt","Tweedle Women's Off-White/Cream Pashmina Pure Wool Kashmiri Embroidery Stole/Shawl/Wrap for Winters (28 x 80 - inches)","","","","","130.","","","FREE delivery Fri, 5 Jun","","","","","27","","","","AED 130.27","","Only 2 left in stock - order soon.","","","Add to cart","Fri, 5 Jun","","","AED","","","","","Sponsored","Let us know","You’re seeing this ad based on the product’s relevance to your search query.","","Price, product page","","Sponsored","",".","","https://m.media-amazon.com/images/I/815BK-fiy3L._AC_UL960_FMwebp_QL65_.jpg"
"1780486405-25","https://www.amazon.ae/s?k=kashmiri+pashmina+shawl","The Kashmir Emporium","Pashmina Shawls and Wraps Large Scarfs for Women Wedding Party Bridal Long Fashion Solid Shawl Wrap with Fringes","","","(4)","","","28.","","AED 10 delivery Fri, 5 Jun","Fri, 5 Jun","","","5.0","","80","","","","AED 28.80","","","","Add to cart","","","","AED","","","","5.0 out of 5 stars","","","","","","Price, product page","","","",".","","https://m.media-amazon.com/images/I/616jy5gc5eL._AC_UL960_FMwebp_QL65_.jpg",""
"1780486405-26","https://www.amazon.ae/s?k=kashmiri+pashmina+shawl","Pashtush","Women's Kashmiri Shawl, Faux Pashmina Shawl, Warm And Soft, Luxury Design","","","(722)","","","110.","","FREE delivery 10 - 12 Jun","10 - 12 Jun","","","4.1","","00","","","","AED 110.00","","","","Add to cart","","","","AED","","","","4.1 out of 5 stars","","","","","","Price, product page","","","",".","","https://m.media-amazon.com/images/I/81jzuCcf1OL._AC_UL960_FMwebp_QL65_.jpg",""
"1780486405-27","https://www.amazon.ae/s?k=kashmiri+pashmina+shawl","Lamca","Women Pashmina Shawls and Wraps Scarf Soft Silky Reversible Paisley Scarves Shawl for Women","","","(323)","+24","","35.","","FREE delivery Tomorrow, 4 Jun on your first order","Tomorrow, 4 Jun","","AED59.99","4.6","","99","","List: AED 59.99","","AED 35.99","","","","Add to cart","List:","","","AED","AED 59.99","","Best Seller","4.6 out of 5 stars","","","","","","Price, product page","","in Women's Pashminas","",".","","https://m.media-amazon.com/images/I/81pb18nl8jL._AC_UL960_FMwebp_QL65_.jpg",""
"1780486405-28","https://www.amazon.ae/s?k=kashmiri+pashmina+shawl","Lamca","Women Pashmina Shawls and Wraps Scarf Soft Silky Reversible Paisley Scarves Shawl for Women","","","(323)","+29 other colors/patterns","","35.","","FREE delivery Tomorrow, 4 Jun on your first order","Tomorrow, 4 Jun","","AED59.99","4.6","","99","","List: AED 59.99","","AED 35.99","","","","Add to cart","List:","","","AED","AED 59.99","","Best Seller","4.6 out of 5 stars","","","","","","Price, product page","","in Women's Pashminas","",".","","https://m.media-amazon.com/images/I/71SRH-S3eGL._AC_UL960_FMwebp_QL65_.jpg",""
"1780486405-29","https://www.amazon.ae/s?k=kashmiri+pashmina+shawl","Lamca","Women Pashmina Shawls and Wraps Scarf Soft Silky Reversible Paisley Scarves Shawl for Women","","","(323)","+24","","35.","","FREE delivery Tomorrow, 4 Jun on your first order","Tomorrow, 4 Jun","","AED59.99","4.6","","99","","List: AED 59.99","","AED 35.99","","","","Add to cart","List:","","","AED","AED 59.99","","","4.6 out of 5 stars","","","","","","Price, product page","","","",".","","https://m.media-amazon.com/images/I/81+KgQv6H7L._AC_UL960_FMwebp_QL65_.jpg",""
"1780486405-30","https://www.amazon.ae/s?k=kashmiri+pashmina+shawl","FURTALK","Pashmina Shawl Wraps Cashmere Feel Blanket Scarves Fashion Scarf for Women Evening Wedding Bridesmaid Gifts","","","(2.6K)","+1","","25.","","FREE delivery Tomorrow, 4 Jun on your first order","Tomorrow, 4 Jun","","","4.7","","55","","","","AED 25.55","","","","Add to cart","","","","AED","","","","4.7 out of 5 stars","","","","","","Price, product page","","","",".","","https://m.media-amazon.com/images/I/71dHMmxhY+L._AC_UL960_FMwebp_QL65_.jpg",""
"1780486405-31","https://www.amazon.ae/s?k=kashmiri+pashmina+shawl","Weavers Villa","Women's Faux Pashmina Silk Paisley Design Shawls, Stoles","","","(1.3K)","+4","","80.","","FREE delivery Tomorrow, 4 Jun on your first order","Tomorrow, 4 Jun","","","4.2","","00","","","","AED 80.00","","","","Add to cart","","","","AED","","","","4.2 out of 5 stars","","","","","","Price, product page","","","",".","","https://m.media-amazon.com/images/I/81GqVe5kBDL._AC_UL960_FMwebp_QL65_.jpg",""
"1780486405-32","https://www.amazon.ae/s?k=kashmiri+pashmina+shawl","FURTALK","Pashmina Shawl Wraps Cashmere Feel Blanket Scarves Fashion Scarf for Women Evening Wedding Bridesmaid Gifts","","","(2.6K)","+1","","19.","","FREE delivery Tomorrow, 4 Jun on your first order","Tomorrow, 4 Jun","","","4.7","","99","","","","AED 19.99","","","","Add to cart","","","","AED","","","","4.7 out of 5 stars","","","","","","Price, product page","","","",".","","https://m.media-amazon.com/images/I/61EQ0xBEAZL._AC_UL960_FMwebp_QL65_.jpg",""
"1780486405-33","https://www.amazon.ae/s?k=kashmiri+pashmina+shawl","LBOYLOVE","Women's Reversible Pashmina Soft Large Scarves Shawl Wrap for Women Big Scarf Holiday Gifts","","","(3)","+1 other color/pattern","","45.","","FREE delivery Tomorrow, 4 Jun on your first order","Tomorrow, 4 Jun","","","5.0","","90","","","","AED 45.90","","","","Add to cart","","","","AED","","","","5.0 out of 5 stars","","","","","","Price, product page","","","",".","","https://m.media-amazon.com/images/I/81VJvnhlEFL._AC_UL960_FMwebp_QL65_.jpg",""
"1780486405-34","https://www.amazon.ae/s?k=kashmiri+pashmina+shawl","NALACAL","Women's Winter Shawl, Traditional Retro Printing Shawl, Tassel Scarf Floral Pashmina Shawl, Warm Scarf Wraps for Lady, Black","","","(2)","","","42.","","FREE delivery Tomorrow, 4 Jun on your first order","Tomorrow, 4 Jun","","AED66.90","4.5","","78","","List: AED 66.90","","AED 42.78","","","","Add to cart","List:","","","AED","AED 66.90","","","4.5 out of 5 stars","","","","","","Price, product page","","","",".","","https://m.media-amazon.com/images/I/61HvbPMKArL._AC_UL960_FMwebp_QL65_.jpg",""
"1780486405-35","https://www.amazon.ae/s?k=kashmiri+pashmina+shawl","ELECDON","Cashmere Texture Pashmina Style Scarf Shawl for Autumn Winter, Soft Heavy Weight Wrap Blanket Scarf for Women Men, 350g Thick Warm Fashion Accessory","","","(5)","","","60.","","FREE delivery Tomorrow, 4 Jun on your first order","Tomorrow, 4 Jun","","AED79.99","3.9","","40","","List: AED 79.99","","AED 60.40","","","","Add to cart","List:","","","AED","AED 79.99","","","3.9 out of 5 stars","Limited time deal","","","","","Price, product page","","","",".","","https://m.media-amazon.com/images/I/81btcQjFEcL._AC_UL960_FMwebp_QL65_.jpg",""
"1780486405-36","https://www.amazon.ae/s?k=kashmiri+pashmina+shawl","Upbull","Winter Shawl Wraps Women Knitted Shawls and Wraps Cardigan Cape Wool Pashmina Shoulder Top Sweater Shawl Scarf 2025","","","(816)","+8 other colors/patterns","","54.","","FREE delivery Tomorrow, 4 Jun on your first order","Tomorrow, 4 Jun","","","4.2","","95","","","","AED 54.95","","","","Add to cart","","","","AED","","","","4.2 out of 5 stars","","","","","","Price, product page","","","",".","","https://m.media-amazon.com/images/I/51QNRnlPK5L._AC_UL960_FMwebp_QL65_.jpg",""
"1780486405-37","https://www.amazon.ae/s?k=kashmiri+pashmina+shawl","KASTWAVE","Soft Silky Faux Pashmina Shawl for Women, Reversible Paisley Pashmina Shawl Wrap Scarf with Fringes, Oversized Printed Scarf Cashmere Silky Shawl Wraps Evening Dress Blanket Front Cardigan Soft Wrap","","","(3)","","","35.","","FREE delivery Fri, 5 Jun on your first order","Fri, 5 Jun","","AED49.90","4.6","","28","","List: AED 49.90","","AED 35.28","","","","Add to cart","List:","","","AED","AED 49.90","","","4.6 out of 5 stars","Limited time deal","","","","","Price, product page","","","",".","","https://m.media-amazon.com/images/I/711VljHub2L._AC_UL960_FMwebp_QL65_.jpg",""
"1780486405-38","https://www.amazon.ae/s?k=kashmiri+pashmina+shawl","SKY Cashmere","Silky Soft Cashmere-Blend Pashmina Shawl for Women Scarf Cozy Tassel Elegant Winter scarf women Wrap Lightweight Breathable Layering Travel Accessory Shawl Gift for Women One Size","","","(4)","+6 other colors/patterns","","59.","","FREE delivery Tomorrow, 4 Jun on your first order","Tomorrow, 4 Jun","","","4.4","","00","","","","AED 59.00","","","","Add to cart","","","","AED","","","","4.4 out of 5 stars","","","","","","Price, product page","","","",".","","https://m.media-amazon.com/images/I/61stL1hjlvL._AC_UL960_FMwebp_QL65_.jpg",""
"1780486405-39","https://www.amazon.ae/s?k=kashmiri+pashmina+shawl","LBOYLOVE","Women's Reversible Pashmina Soft Large Scarves Shawl Wrap for Women Big Scarf Holiday Gifts","","","(3)","+1 other color/pattern","","45.","","FREE delivery Tomorrow, 4 Jun on your first order","Tomorrow, 4 Jun","","","5.0","","90","","","","AED 45.90","","","","Add to cart","","","","AED","","","","5.0 out of 5 stars","","","","","","Price, product page","","","",".","","https://m.media-amazon.com/images/I/51SD6a4fkKL._AC_UL960_FMwebp_QL65_.jpg",""
"1780486405-40","https://www.amazon.ae/s?k=kashmiri+pashmina+shawl","","Women's Scarf Pashmina Shawls and Wraps for Evening Dress Wedding Bridal Bridesmaid Winter Warm Long Large Scarves","","","(1)","","","53.","","FREE delivery Tomorrow, 4 Jun on your first order","Tomorrow, 4 Jun","","","4.0","","99","","","","AED 53.99","","","","Add to cart","","","","AED","","","","4.0 out of 5 stars","","","","","","Price, product page","","","",".","","https://m.media-amazon.com/images/I/51FLlIxf8+L._AC_UL960_FMwebp_QL65_.jpg",""
"1780486405-41","https://www.amazon.ae/s?k=kashmiri+pashmina+shawl","ShineGlitz","Pashmina Shawls and Wraps for Evening Dresses, Large Soft Pashminas Wedding Shawl","","","(5.3K)","+13","","88.","","FREE delivery Tomorrow, 4 Jun on your first order","Tomorrow, 4 Jun","","AED111.00","4.4","","83","","List: AED 111.00","","AED 88.83","","","","Add to cart","List:","","","AED","AED 111.00","","","4.4 out of 5 stars","","","","","","Price, product page","","","",".","","https://m.media-amazon.com/images/I/71YZRirJq6L._AC_UL960_FMwebp_QL65_.jpg",""
"1780486405-42","https://www.amazon.ae/s?k=kashmiri+pashmina+shawl","SKY Cashmere","™ Oversized Pashmina Shawl for Women – Soft Two Tone Large Scarf Women Warm Lightweight Wrap and Stole for Wedding Evening Dress Bridesmaid Gifts for Women One Size","","","(18)","+11","","48.","","FREE delivery Tomorrow, 4 Jun on your first order","Tomorrow, 4 Jun","","","4.4","","99","","","","AED 48.99","","","","Add to cart","","","","AED","","","","4.4 out of 5 stars","","","","","","Price, product page","","","",".","","https://m.media-amazon.com/images/I/71R3GMRJWIL._AC_UL960_FMwebp_QL65_.jpg",""
"1780486405-43","https://www.amazon.ae/s?k=kashmiri+pashmina+shawl","Weavers Villa","Men MS-987 Stole (pack of 1)","","","(1K)","+1","","70.","","FREE delivery Tomorrow, 4 Jun on your first order","Tomorrow, 4 Jun","","AED90.00","4.2","","00","","List: AED 90.00","","AED 70.00","","","","Add to cart","List:","","","AED","AED 90.00","","","4.2 out of 5 stars","","","","","","Price, product page","","","",".","","https://m.media-amazon.com/images/I/81rZ+0zVWXL._AC_UL960_FMwebp_QL65_.jpg",""
"1780486405-44","https://www.amazon.ae/s?k=kashmiri+pashmina+shawl","EURKEA","Women's Scarf Pashmina Silky Soft Shawls Wraps Stole for Evening, Wedding and Gift","","","(740)","+16","","100.","","FREE delivery Tomorrow, 4 Jun","Tomorrow, 4 Jun","","","4.5","","62","","","","AED 100.62","","","","Add to cart","","","","AED","","","","4.5 out of 5 stars","","","","","","Price, product page","","","",".","","https://m.media-amazon.com/images/I/61eunv+NXOL._AC_UL960_FMwebp_QL65_.jpg",""
"1780486405-45","https://www.amazon.ae/s?k=kashmiri+pashmina+shawl","TZ Promise","womens Solid Pashmina Pashmina Scarf","","","(1.2K)","+33","","69.","","FREE delivery Tomorrow, 4 Jun on your first order","Tomorrow, 4 Jun","","","4.6","","00","","","","AED 69.00","","","","Add to cart","","","","AED","","","","4.6 out of 5 stars","","","","","","Price, product page","","","",".","","https://m.media-amazon.com/images/I/61yCRSviVtL._AC_UL960_FMwebp_QL65_.jpg",""
"1780486405-46","https://www.amazon.ae/s?k=kashmiri+pashmina+shawl","KASTWAVE","Reversible Paisley Pashmina Shawl Wrap Women, Woven Soft Silky Vintage Jacquard Pashmina Rave Scarf with Fringe for Evening, Wedding","","","(2)","","","52.","","FREE delivery Tomorrow, 4 Jun on your first order","Tomorrow, 4 Jun","","AED59.99","4.0","","27","","List: AED 59.99","","AED 52.27","","","","Add to cart","List:","","","AED","AED 59.99","","","4.0 out of 5 stars","Limited time deal","","","","","Price, product page","","","",".","","https://m.media-amazon.com/images/I/71p-HPN63yL._AC_UL960_FMwebp_QL65_.jpg",""
"1780486405-47","https://www.amazon.ae/s?k=kashmiri+pashmina+shawl","RIIQIICHY","womens Riiqiichy Pashmina Shawl","","","(17.1K)","+39","","51.","","FREE delivery Tomorrow, 4 Jun on your first order","Tomorrow, 4 Jun","","AED121.00","4.6","","60","","List: AED 121.00","","AED 51.60","","","","Add to cart","List:","","","AED","AED 121.00","","","4.6 out of 5 stars","","","","","","Price, product page","","","",".","","https://m.media-amazon.com/images/I/61Z8jOagM5L._AC_UL960_FMwebp_QL65_.jpg",""
"1780486405-48","https://www.amazon.ae/s?k=kashmiri+pashmina+shawl","GERUNSI","womens Smfyr Classic","","","(207)","+6","","27.","","FREE delivery Tomorrow, 4 Jun on your first order","Tomorrow, 4 Jun","","","4.5","","00","","","","AED 27.00","","","","Add to cart","","","","AED","","","","4.5 out of 5 stars","","","","","","Price, product page","","","",".","","https://m.media-amazon.com/images/I/81oI1QgOacL._AC_UL960_FMwebp_QL65_.jpg",""
"1780486405-49","https://www.amazon.ae/s?k=kashmiri+pashmina+shawl","Pashmoda","Women Rajwada Kashmiri Jamawar Woven Shawl, Kaani Jacquard Shawls, Stoles, Wraps, Luxury Pashmina Evening Wrap (Size: 40X80 Inches)","","","(54)","","","147.","","FREE delivery Fri, 5 Jun","Fri, 5 Jun","","","3.8","","00","","","","AED 147.00","","","","Add to cart","","","","AED","","","","3.8 out of 5 stars","","","","","","Price, product page","","","",".","","https://m.media-amazon.com/images/I/71RcA-mW1KL._AC_UL960_FMwebp_QL65_.jpg",""
"1780486405-50","https://www.amazon.ae/s?k=kashmiri+pashmina+shawl","GERUNSI","womens Smfyr Classic","","","(207)","+6","","27.","","FREE delivery Tomorrow, 4 Jun on your first order","Tomorrow, 4 Jun","","AED31.00","4.5","","40","","Was: AED 31.00","","AED 27.40","","","","Add to cart","Was:","","","AED","AED 31.00","","","4.5 out of 5 stars","","","","","","Price, product page","","","",".","","https://m.media-amazon.com/images/I/71M-F6hbBOL._AC_UL960_FMwebp_QL65_.jpg",""
"1780486405-51","https://www.amazon.ae/s?k=kashmiri+pashmina+shawl","SYOSI","Women's Classic Print Cashmere Feel Pashmina Wrap, 73x26 Inch Oversized Winter Scarf & Blanket - Monogram Shawl for Travel, Office, Gift","","","","","","56.","","FREE delivery Tomorrow, 4 Jun on your first order","Tomorrow, 4 Jun","","","","","55","","","","AED 56.55","","","","Add to cart","","","","AED","","","","","","","","","","Price, product page","","","",".","","https://m.media-amazon.com/images/I/61EPVxjAEYL._AC_UL960_FMwebp_QL65_.jpg",""
"1780486405-52","https://www.amazon.ae/s?k=kashmiri+pashmina+shawl","KASTWAVE","Pashmina Scarf, Two-Tone Vintage Paisley Pashmina Scarf – Soft Lightweight Wrap & Shawl for Dresses, Weddings, Travel, All Seasons","","","","","","39.","","FREE delivery Tomorrow, 4 Jun on your first order","Tomorrow, 4 Jun","","AED49.99","","","99","","List: AED 49.99","","AED 39.99","","","","Add to cart","List:","","","AED","AED 49.99","","","","","","","","","Price, product page","","","",".","","https://m.media-amazon.com/images/I/71q1L3579JL._AC_UL960_FMwebp_QL65_.jpg",""
"1780486405-53","https://www.amazon.ae/s?k=kashmiri+pashmina+shawl","","","Pashmoda","Women's Faux Pashmina Wool Jamawar Shawl, Luxury Kashmiri Pashmina Shawls, Stoles and Wraps (Size: 40X80 Inches)","","","(1)","","117.","","","FREE delivery Fri, 5 Jun","","","1.0","","10","","","","AED 117.10","","","","","Add to cart","Fri, 5 Jun","","","AED","","","","1.0 out of 5 stars","Sponsored","Let us know","You’re seeing this ad based on the product’s relevance to your search query.","","Price, product page","","Sponsored","",".","","https://m.media-amazon.com/images/I/71-qy4y8NcL._AC_UL960_FMwebp_QL65_.jpg"
"1780486405-54","https://www.amazon.ae/s?k=kashmiri+pashmina+shawl","","","KASHFAB","Cashmere scarf Made in Kashmir India (gift box) Merino Wool Silk Cashmere Blend Scarf Superfine Large Pashmina Unisex","","","(338)","","99.","","","FREE delivery Tomorrow, 4 Jun on your first order","","","4.4","","99","","+12 other colors/patterns","","AED 99.99","","","","","Add to cart","Tomorrow, 4 Jun","","","AED","","","","4.4 out of 5 stars","Sponsored","Let us know","You’re seeing this ad based on the product’s relevance to your search query.","","Price, product page","","Sponsored","",".","","https://m.media-amazon.com/images/I/71ulsHI4OvL._AC_UL960_FMwebp_QL65_.jpg"
"1780486405-55","https://www.amazon.ae/s?k=kashmiri+pashmina+shawl","","","KASTWAVE","Elegant Women's Cashmere Pashmina Shawls & Wraps - Soft Large Scarves for Fall & Winter, Perfect for Weddings, Evening Dress & Special Occasions","","","","","32.","","","FREE delivery Tomorrow, 4 Jun on your first order","","","","","88","","","","AED 32.88","","","","","Add to cart","Tomorrow, 4 Jun","","","AED","","","","","Sponsored","Let us know","You’re seeing this ad based on the product’s relevance to your search query.","","Price, product page","","Sponsored","",".","","https://m.media-amazon.com/images/I/71a4qQeJKGL._AC_UL960_FMwebp_QL65_.jpg"
"1780486405-56","https://www.amazon.ae/s?k=kashmiri+pashmina+shawl","","","KASTWAVE","Elegant Cashmere Shawl Wraps, Women's Open Front Cardigan Sweaters with Sleeves Outer, Soft Ruana Cape, Warm Shawls Cape for Travel Flight Cruises","","","(2)","","75.","","","FREE delivery Tomorrow, 4 Jun on your first order","","","4.5","","58","","+1 other color/pattern","","AED 75.58","","","","","Add to cart","Tomorrow, 4 Jun","","","AED","","","","4.5 out of 5 stars","Sponsored","Let us know","You’re seeing this ad based on the product’s relevance to your search query.","","Price, product page","","Sponsored","",".","","https://m.media-amazon.com/images/I/51h+0mlZgUL._AC_UL960_FMwebp_QL65_.jpg"
"1780486405-57","https://www.amazon.ae/s?k=kashmiri+pashmina+shawl","","","KASTWAVE","Luxurious Cashmere Feel Scarf for Women – Large Winter Warm Pashmina Shawl & Wrap with Tassels, Reversible Tartan Plaid Blanket Stole, Elegant Gift for Ladies","","","","","34.","","","FREE delivery Tomorrow, 4 Jun on your first order","","","","","53","","","","AED 34.53","","","","","Add to cart","Tomorrow, 4 Jun","","","AED","","","","","Sponsored","Let us know","You’re seeing this ad based on the product’s relevance to your search query.","","Price, product page","","Sponsored","",".","","https://m.media-amazon.com/images/I/717smLLCqeL._AC_UL960_FMwebp_QL65_.jpg"
"1780486405-58","https://www.amazon.ae/s?k=kashmiri+pashmina+shawl","","","ELECDON","Cashmere Texture Pashmina Style Scarf Shawl for Autumn Winter, Soft Heavy Weight Wrap Blanket Scarf for Women Men, 350g Thick Warm Fashion Accessory","","","(5)","","60.","","","FREE delivery Tomorrow, 4 Jun on your first order","","","3.9","","40","","","","AED 60.40","","","","","Add to cart","Tomorrow, 4 Jun","","","AED","","","","3.9 out of 5 stars","Sponsored","Let us know","You’re seeing this ad based on the product’s relevance to your search query.","","Price, product page","","Sponsored","",".","","https://m.media-amazon.com/images/I/81btcQjFEcL._AC_UL960_FMwebp_QL65_.jpg"
"1780486405-59","https://www.amazon.ae/s?k=kashmiri+pashmina+shawl","","","ChicAbode","Winter Scarf Cashmere Shawl, Women Men Fashion Geometric Pattern Warm Pashmina Scarf With Tassel Soft Long Wrap Stole","","","(5)","","54.","","","FREE delivery Tomorrow, 4 Jun on your first order","","","4.3","","99","","","","AED 54.99","","","","","Add to cart","Tomorrow, 4 Jun","","","AED","","","","4.3 out of 5 stars","Sponsored","Let us know","You’re seeing this ad based on the product’s relevance to your search query.","","Price, product page","","Sponsored","",".","","https://m.media-amazon.com/images/I/61mb7o+Q+jL._AC_UL960_FMwebp_QL65_.jpg"
"1780486405-60","https://www.amazon.ae/s?k=kashmiri+pashmina+shawl","","","FURTALK","Women's Soft Warm Winter Cashmere Feel Pashmina Shawl Wraps","","","(6)","","70.","","","FREE delivery 5 - 6 Jun","","","5.0","","00","","","","AED 70.00","","","","","Add to cart","5 - 6 Jun","","","AED","","","","5.0 out of 5 stars","Sponsored","Let us know","You’re seeing this ad based on the product’s relevance to your search query.","","Price, product page","","Sponsored","",".","","https://m.media-amazon.com/images/I/61sfmS2JD9L._AC_UL960_FMwebp_QL65_.jpg"
